time,.TimeStep,.Agent,.Target,.LambdaMin,.TMu,.TMuDim,.TCov,.TCovDim
1969/12/31/17:04:05.912000,2,X2,T1,1,"(2.4288862125768, 5.08503913261282, -6.550056869066598, -1.2584916015302572)","(4, 1)","(1040.13916396265, 200.0038397009308, 1.2276827907429152e-07, 2.3606578868532492e-08, 200.0038397009308, 1000.1592000371738, 2.3606578868532492e-08, 4.539206463414055e-09, 1.2276827907429158e-07, 2.3606578868532495e-08, 1040.1391580588133, 200.0038385657077, 2.360657886853249e-08, 4.539206463414056e-09, 200.0038385657077, 1000.1591998188866)","(4, 4)"
1969/12/31/17:04:05.913000,2,X1,T1,1,"(3.4288862125768, 7.08503913261282, -6.550056869066598, -1.2584916015302572)","(4, 1)","(1040.1391639589744, 200.00383970005052, 1.2276827907342744e-07, 2.3606578868345857e-08, 200.00383970005052, 1000.1592000369704, 2.3606578868345857e-08, 4.539206463374231e-09, 1.2276827907342744e-07, 2.3606578868345857e-08, 1040.1391580551679, 200.00383856483322, 2.3606578868345853e-08, 4.539206463374231e-09, 200.00383856483322, 1000.1591998186844)","(4, 4)"
1969/12/31/17:04:06.008000,3,X2,T1,0.500369719490024,"(2.4288862125768, -2.08503913261282, -6.550056869066598, -1.2584916015302572)","(4, 1)","(706.318044923341, 194.37276321086728, 8.302554560369756e-08, 1.5698040289347053e-08, 194.37276321086728, 1887.486204944084, 1.569804028935212e-08, 4.260944868985209e-09, 8.302554560369754e-08, 1.569804028935212e-08, 706.318040930434, 194.37276245583578, 1.5698040289347053e-08, 4.260944868985209e-09, 194.3727624558358, 1887.4862047382328)","(4, 4)"
1969/12/31/17:04:06.011000,3,X1,T1,0.500609151035806,"(5.4288862125768, 4.08503913261282, -6.550056869066598, -1.2584916015302572)","(4, 1)","(706.2084980813194, 194.34261684485222, 8.301260669191259e-08, 1.5695588526593853e-08, 194.3426168448522, 1886.600744354662, 1.5695588526605397e-08, 4.25966249943173e-09, 8.301260669191259e-08, 1.5695588526605397e-08, 706.2084940888609, 194.3426160898503, 1.5695588526593853e-08, 4.259662499431732e-09, 194.34261608985034, 1886.600744148838)","(4, 4)"
1969/12/31/17:04:06.109000,4,X1,T1,0.500898293988398,"(-1.4288862125768, 6.08503913261282, -6.550056869066598, -1.2584916015302572)","(4, 1)","(483.8004443775951, 242.52786268672833, 5.596371042789337e-08, 1.0901952305993983e-08, 242.52786268672835, 3504.8652425705086, 1.0901952306004281e-08, 1.6345268787712167e-08, 5.596371042789336e-08, 1.0901952306004283e-08, 483.8004416865724, 242.52786216145745, 1.0901952305993983e-08, 1.6345268787712167e-08, 242.52786216145742, 3504.8652417627804)","(4, 4)"
1969/12/31/17:04:06.111000,4,X2,T1,0.500544857133037,"(4.4288862125768, 2.08503913261282, -6.550056869066598, -1.2584916015302572)","(4, 1)","(483.9337285658346, 242.6303423205966, 5.597938964496429e-08, 1.090534909821063e-08, 242.63034232059658, 3508.917163686298, 1.0905349098156834e-08, 1.636808038946376e-08, 5.597938964496429e-08, 1.0905349098156836e-08, 483.93372587425307, 242.6303417971746, 1.090534909821063e-08, 1.6368080389463758e-08, 242.6303417971746, 3508.917162909676)","(4, 4)"
1969/12/31/17:04:06.212000,5,X2,T1,0.50079501056904,"(2.4288862125768, 5.08503913261282, -6.550056869066598, -1.2584916015302572)","(4, 1)","(340.20403144031275, 355.722854648086, 3.7851136524423114e-08, 1.0544118712564157e-08, 355.72285464808607, 6139.580672609331, 1.0544118712505568e-08, 8.830804540341906e-08, 3.7851136524423114e-08, 1.0544118712505568e-08, 340.20402962075025, 355.72285414322135, 1.0544118712564167e-08, 8.830804540341906e-08, 355.7228541432214, 6139.58066839371)","(4, 4)"
1969/12/31/17:04:06.213000,5,X1,T1,0.501310620601756,"(1.4288862125768, 7.08503913261282, -6.550056869066598, -1.2584916015302572)","(4, 1)","(340.0639562493582, 355.39389718820837, 3.783496839627491e-08, 1.05346693214314e-08, 355.3938971882083, 6126.7248799037925, 1.053466932142323e-08, 8.806474539804436e-08, 3.783496839627492e-08, 1.0534669321423229e-08, 340.0639544302932, 355.39389668020823, 1.0534669321431406e-08, 8.806474539804437e-08, 355.3938966802083, 6126.724875637326)","(4, 4)"
1969/12/31/17:04:06.307000,6,X2,T1,0.501130515563658,"(2.4288862125768, -2.08503913261282, -6.550056869066598, -1.2584916015302572)","(4, 1)","(251.17825182277903, 515.1230649406295, 2.6097670812393562e-08, 1.9317489464113026e-08, 515.1230649406294, 9339.72563891889, 1.931748946411722e-08, 3.2989511368382724e-07, 2.6097670812393555e-08, 1.9317489464117205e-08, 251.1782505681502, 515.1230640147583, 1.9317489464113026e-08, 3.298951136838272e-07, 515.1230640147584, 9339.725623112932)","(4, 4)"
1969/12/31/17:04:06.316000,6,X1,T1,0.501863550042776,"(1.4288862125768, 4.08503913261282, -6.550056869066598, -1.2584916015302572)","(4, 1)","(251.0331270200701, 514.3320277982123, 2.6081240632099003e-08, 1.927510783596092e-08, 514.3320277982123, 9309.76658595907, 1.9275107835986254e-08, 3.2851392448210655e-07, 2.6081240632099006e-08, 1.9275107835986248e-08, 251.0331257657885, 514.3320268672162, 1.9275107835960926e-08, 3.2851392448210655e-07, 514.3320268672162, 9309.766570091171)","(4, 4)"
1969/12/31/17:04:06.410000,7,X2,T1,0.50153081812324,"(-1.4288862125768, -4.08503913261282, -6.550056869066598, -1.2584916015302572)","(4, 1)","(197.21134420190745, 638.3533315620467, 1.9020269404847802e-08, 3.718283236963537e-08, 638.3533315620468, 11336.361080933922, 3.718283236955906e-08, 7.188621751093399e-07, 1.9020269404847805e-08, 3.718283236955906e-08, 197.21134328705662, 638.3533297648341, 3.718283236963536e-08, 7.188621751093399e-07, 638.353329764834, 11336.361046193944)","(4, 4)"
1969/12/31/17:04:06.410000,7,X1,T1,0.502523377902884,"(3.4288862125768, 2.08503913261282, -6.550056869066598, -1.2584916015302572)","(4, 1)","(197.06634696094432, 637.0749929853987, 1.900366858831771e-08, 3.7071946976195604e-08, 637.0749929853987, 11287.880651277861, 3.7071946976193016e-08, 7.150459538231003e-07, 1.9003668588317715e-08, 3.707194697619302e-08, 197.0663460474559, 637.0749912048096, 3.707194697619561e-08, 7.150459538231004e-07, 637.0749912048096, 11287.880616927127)","(4, 4)"
1969/12/31/17:04:06.506000,8,X2,T1,0.501949568199198,"(2.4288862125768, 5.08503913261282, -6.550056869066598, -1.2584916015302572)","(4, 1)","(162.0586730916009, 655.1436725423467, 1.4868212942819193e-08, 5.014375632652781e-08, 655.1436725423468, 10961.967498361628, 5.0143756326410304e-08, 9.331781483245095e-07, 1.4868212942819193e-08, 5.01437563264103e-08, 162.0586723765196, 655.1436701220505, 5.0143756326527804e-08, 9.331781483245094e-07, 655.1436701220504, 10961.967453319738)","(4, 4)"
1969/12/31/17:04:06.510000,8,X1,T1,0.503213939869017,"(-2.4288862125768, 5.08503913261282, -6.550056869066598, -1.2584916015302572)","(4, 1)","(161.92199984436286, 653.6484510344519, 1.4853008536424088e-08, 4.99892393711878e-08, 653.6484510344519, 10904.534694501765, 4.998923937105683e-08, 9.275626416062022e-07, 1.4853008536424088e-08, 4.998923937105684e-08, 161.92199912986155, 653.6484486194398, 4.9989239371187796e-08, 9.275626416062023e-07, 653.6484486194398, 10904.534649697884)","(4, 4)"
1969/12/31/17:04:06.614000,9,X2,T1,0.502372388602738,"(2.4288862125768, 5.08503913261282, -6.550056869066598, -1.2584916015302572)","(4, 1)","(135.939772557752, 591.0736192533878, 1.2152482121516003e-08, 5.102834429669231e-08, 591.0736192533877, 9232.653686692815, 5.102834429672391e-08, 8.763255765378566e-07, 1.2152482121516005e-08, 5.102834429672392e-08, 135.93977197340337, 591.0736168018497, 5.1028344296692324e-08, 8.763255765378566e-07, 591.0736168018497, 9232.653644610886)","(4, 4)"
1969/12/31/17:04:06.615000,9,X1,T1,0.50391129216107,"(3.4288862125768, 7.08503913261282, -6.550056869066598, -1.2584916015302572)","(4, 1)","(135.81117013842726, 589.5521666233599, 1.2139472186434387e-08, 5.087291420073391e-08, 589.55216662336, 9174.521774753877, 5.0872914200729716e-08, 8.704453409060361e-07, 1.213947218643439e-08, 5.0872914200729736e-08, 135.81116955441044, 589.5521641749381, 5.0872914200733905e-08, 8.704453409060361e-07, 589.552164174938, 9174.521732889749)","(4, 4)"
1969/12/31/17:04:06.706000,10,X2,T1,0.502827818470164,"(2.4288862125768, -2.08503913261282, -6.550056869066598, -1.2584916015302572)","(4, 1)","(114.6391131692738, 500.9290195512084, 1.0095006341082245e-08, 4.499527428327259e-08, 500.92901955120846, 7390.752552341835, 4.4995274283285095e-08, 7.150717773611121e-07, 1.0095006341082244e-08, 4.499527428328509e-08, 114.63911268375453, 500.9290173886822, 4.499527428327261e-08, 7.150717773611121e-07, 500.92901738868227, 7390.752517987717)","(4, 4)"
1969/12/31/17:04:06.712000,10,X1,T1,0.504662145259373,"(5.4288862125768, 4.08503913261282, -6.550056869066598, -1.2584916015302572)","(4, 1)","(114.51351989937889, 499.41820139511594, 1.0083510028475753e-08, 4.4850935479621e-08, 499.41820139511594, 7334.451555723755, 4.4850935479618687e-08, 7.095584478614906e-07, 1.0083510028475754e-08, 4.485093547961869e-08, 114.51351941424933, 499.41819923732777, 4.485093547962102e-08, 7.095584478614907e-07, 499.41819923732777, 7334.451521603097)","(4, 4)"
1969/12/31/17:04:06.806000,11,X2,T1,0.503352301825432,"(-1.4288862125768, 6.08503913261282, -6.550056869066598, -1.2584916015302572)","(4, 1)","(96.62739627001257, 414.8657286228256, 8.395887839088633e-09, 3.732597515934695e-08, 414.8657286228256, 5887.528586961388, 3.732597515936659e-08, 5.60034564459606e-07, 8.395887839088635e-09, 3.732597515936659e-08, 96.62739586654705, 414.8657268316466, 3.732597515934694e-08, 5.600345644596059e-07, 414.86572683164655, 5887.528560081679)","(4, 4)"
1969/12/31/17:04:06.808000,11,X1,T1,0.505526536211878,"(4.4288862125768, 2.08503913261282, -6.550056869066598, -1.2584916015302572)","(4, 1)","(96.50101518987357, 413.35512773336507, 8.385098705508085e-09, 3.7190434444375914e-08, 413.35512773336507, 5832.975688011973, 3.719043444437858e-08, 5.549229526431451e-07, 8.385098705508087e-09, 3.7190434444378574e-08, 96.50101478669255, 413.35512594537255, 3.719043444437592e-08, 5.549229526431451e-07, 413.35512594537255, 5832.975661330231)","(4, 4)"
1969/12/31/17:04:12.102000,12,X2,T1,0.503975585609727,"(2.4288862125768, 5.08503913261282, -6.550056869066598, -1.2584916015302572)","(4, 1)","(244.57775167451635, 1028.953179733053, -74.1763244302305, -312.0642182244147, 1028.953179733053, 7633.244427352637, -312.06421826897093, -1312.872766818787, -74.1763244302305, -312.064218268971, 377.28591285041716, 1587.264323842286, -312.06421822441473, -1312.8727668187873, 1587.264323842286, 9982.092673878948)","(4, 4)"
1969/12/31/17:04:12.102000,12,X1,T1,0.50655351827868,"(1.4288862125768, 7.08503913261282, -6.550056869066598, -1.2584916015302572)","(4, 1)","(243.310562297134, 1020.6847933742239, -73.28468461891492, -307.42834367679706, 1020.6847933742238, 7543.231785346062, -307.42834372029074, -1289.6580912983754, -73.28468461891494, -307.4283437202908, 374.42349916058936, 1570.7019383418715, -307.4283436767971, -1289.6580912983757, 1570.7019383418715, 9850.546876330343)","(4, 4)"
1969/12/31/17:04:12.208000,13,X2,T1,0.500935042987432,"(2.4288862125768, -2.08503913261282, -6.550056869066598, -1.2584916015302572)","(4, 1)","(200.56163779021492, 682.172777304274, -59.30670460220968, -176.33368557385788, 682.1727773042738, 5376.044471023062, -176.34045529193534, -557.494776150321, -59.30670460220966, -176.34045529193529, 306.5896031256454, 997.3975779307062, -176.33368557385785, -557.4947761503211, 997.3975779307062, 6372.5895684839925)","(4, 4)"
1969/12/31/17:04:12.217000,13,X1,T1,0.501551850465292,"(1.4288862125768, 4.08503913261282, -6.550056869066598, -1.2584916015302572)","(4, 1)","(200.23399211015868, 679.4001452331931, -59.13361880845193, -175.55390718036347, 679.4001452331933, 5324.085000110858, -175.56058633372382, -553.601557961528, -59.133618808451914, -175.56058633372385, 305.95256725863953, 993.2312938739262, -175.55390718036347, -553.6015579615282, 993.2312938739262, 6313.671855220639)","(4, 4)"
1969/12/31/17:04:12.302000,14,X2,T1,0.501155288290314,"(-1.4288862125768, -4.08503913261282, -6.550056869066598, -1.2584916015302572)","(4, 1)","(160.75546760327384, 501.04621175853146, -45.667926874397516, -108.41242655961804, 501.0462117585314, 4674.259659666826, -108.41522919478551, -371.5881826029479, -45.66792687439752, -108.41522919478551, 242.39845638127488, 694.8534111220126, -108.41242655961803, -371.5881826029478, 694.8534111220127, 5338.616149009618)","(4, 4)"
1969/12/31/17:04:12.302000,14,X1,T1,0.501908672784307,"(3.4288862125768, 2.08503913261282, -6.550056869066598, -1.2584916015302572)","(4, 1)","(160.5862528771937, 499.04220954863, -45.61424781486249, -108.12016565078177, 499.04220954863, 4627.428713173943, -108.12294592253264, -367.9674387701114, -45.61424781486249, -108.12294592253261, 242.1332880554144, 692.3269740111599, -108.12016565078176, -367.96743877011136, 692.3269740111599, 5285.310463551779)","(4, 4)"
1969/12/31/17:04:12.412000,15,X2,T1,0.501463492243386,"(2.4288862125768, 5.08503913261282, -6.550056869066598, -1.2584916015302572)","(4, 1)","(128.661443765523, 403.93154888103004, -34.58527737386661, -74.78420829483636, 403.9315488810301, 4489.881826246759, -74.7853094197274, -410.343212737745, -34.5852773738666, -74.78530941972741, 190.49127430470057, 537.627611269898, -74.78420829483635, -410.34321273774503, 537.6276112698979, 5223.599659252066)","(4, 4)"
1969/12/31/17:04:12.418000,15,X1,T1,0.502414173324272,"(-2.4288862125768, 5.08503913261282, -6.550056869066598, -1.2584916015302572)","(4, 1)","(128.51931101004794, 402.0632358727957, -34.550139709223295, -74.4854607390426, 402.06323587279564, 4443.786994296225, -74.48655740697438, -404.12456681431786, -34.5501397092233, -74.4865574069744, 190.28632399405237, 535.2251480111948, -74.48546073904261, -404.1245668143179, 535.2251480111948, 5166.38472317759)","(4, 4)"
1969/12/31/17:04:12.514000,16,X1,T1,0.503078817041231,"(2.4288862125768, 5.08503913261282, -6.550056869066598, -1.2584916015302572)","(4, 1)","(103.77814348148519, 345.78228797336106, -26.16128370417759, -60.005300177608135, 345.78228797336106, 4347.592390086197, -60.00572623458287, -543.277218688505, -26.16128370417759, -60.00572623458289, 150.54807960719575, 453.06089145731204, -60.00530017760814, -543.277218688505, 453.06089145731204, 5318.975488768164)","(4, 4)"
1969/12/31/17:04:12.515000,16,X2,T1,0.501866841201396,"(3.4288862125768, 7.08503913261282, -6.550056869066598, -1.2584916015302572)","(4, 1)","(103.91159629965915, 347.5356801356439, -26.196182964533563, -60.39544026195233, 347.53568013564393, 4392.6658534805, -60.395866801981946, -552.4950887879065, -26.196182964533563, -60.39586680198197, 150.74392628004057, 455.5118377141478, -60.39544026195235, -552.4950887879068, 455.5118377141479, 5380.530602266052)","(4, 4)"
1969/12/31/17:04:12.609000,17,X1,T1,0.503901408091886,"(2.4288862125768, -2.08503913261282, -6.550056869066598, -1.2584916015302572)","(4, 1)","(84.98358593911568, 305.9521005043556, -20.115495821382904, -54.991405805531386, 305.9521005043556, 4134.550792566199, -54.99157081856852, -685.7106559367282, -20.115495821382908, -54.991570818568526, 120.94530812191871, 404.26790098920856, -54.9914058055314, -685.7106559367284, 404.2679009892085, 5360.545186343029)","(4, 4)"
1969/12/31/17:04:12.611000,17,X2,T1,0.502365753575941,"(5.4288862125768, 4.08503913261282, -6.550056869066598, -1.2584916015302572)","(4, 1)","(85.10724235161187, 307.5305487382468, -20.1506850269998, -55.432379994227304, 307.5305487382468, 4177.595526340434, -55.432545037610986, -696.7713100771318, -20.150685026999803, -55.432545037610986, 121.13187606979658, 406.6347556882223, -55.43237999422729, -696.7713100771318, 406.63475568822224, 5423.365139400879)","(4, 4)"
1969/12/31/17:04:12.702000,18,X2,T1,0.50295219960347,"(-1.4288862125768, 6.08503913261282, -6.550056869066598, -1.2584916015302572)","(4, 1)","(70.67772114471543, 271.85521337193614, -15.86391896994604, -52.616750301993655, 271.85521337193614, 3799.3483986659417, -52.616817241864474, -760.9196916447719, -15.863918969946042, -52.616817241864474, 99.03876993142167, 365.9249444963916, -52.61675030199368, -760.9196916447719, 365.9249444963917, 5159.760076833833)","(4, 4)"
1969/12/31/17:04:12.702000,18,X1,T1,0.504868451271104,"(4.4288862125768, 2.08503913261282, -6.550056869066598, -1.2584916015302572)","(4, 1)","(70.5648910614995, 270.4646168342887, -15.831785049647777, -52.19985224659027, 270.4646168342887, 3758.6764513064013, -52.19991911727731, -749.7192510431461, -15.831785049647777, -52.19991911727731, 98.8684915932097, 363.78901377246194, -52.19985224659027, -749.7192510431461, 363.78901377246194, 5099.063787912927)","(4, 4)"
1969/12/31/17:04:12.810000,19,X1,T1,0.505967482531702,"(2.4288862125768, 5.08503913261282, -6.550056869066598, -1.2584916015302572)","(4, 1)","(59.22924172457541, 235.82108069624277, -12.725014819376067, -47.98712978666023, 235.82108069624277, 3281.041901543969, -47.987158485194456, -718.0903175557105, -12.725014819376069, -47.98715848519444, 81.97872790652397, 321.612979817741, -47.98712978666025, -718.0903175557105, 321.61297981774106, 4564.852508280134)","(4, 4)"
1969/12/31/17:04:12.818000,19,X2,T1,0.503618865109062,"(1.4288862125768, 7.08503913261282, -6.550056869066598, -1.2584916015302572)","(4, 1)","(59.33345008635871, 237.0668576346468, -12.752278236065953, -48.34041496036813, 237.0668576346468, 3319.768126722685, -48.340443693074725, -728.4194057243526, -12.752278236065957, -48.34044369307473, 82.1316766525697, 323.4903502072602, -48.34041496036814, -728.4194057243527, 323.49035020726024, 4622.04488560471)","(4, 4)"
1969/12/31/17:04:12.914000,20,X2,T1,0.504371209289533,"(2.4288862125768, -2.08503913261282, -6.550056869066598, -1.2584916015302572)","(4, 1)","(50.186428863217905, 203.95129327007757, -10.385501774470434, -42.371635628613596, 203.95129327007757, 2826.008781109533, -42.37164800211179, -636.913912069166, -10.385501774470434, -42.37164800211179, 68.75342203272318, 279.7031171166443, -42.37163562861359, -636.913912069166, 279.7031171166443, 3964.6770140238004)","(4, 4)"
1969/12/31/17:04:12.918000,20,X1,T1,0.507207118254754,"(1.4288862125768, 4.08503913261282, -6.550056869066598, -1.2584916015302572)","(4, 1)","(50.08712274995113, 202.7896631069735, -10.36260188206391, -42.07873953080042, 202.7896631069735, 2788.54281563959, -42.07875191980546, -627.621036939574, -10.362601882063911, -42.07875191980546, 68.61317652345826, 278.01785938559726, -42.07873953080042, -627.621036939574, 278.01785938559726, 3910.5975416701567)","(4, 4)"
1969/12/31/17:04:13.007000,21,X2,T1,0.505228655739191,"(-1.4288862125768, -4.08503913261282, -6.550056869066598, -1.2584916015302572)","(4, 1)","(42.67490156885967, 174.010112836342, -8.503930199805852, -35.799838172382515, 174.01011283634202, 2376.0419778379587, -35.799843012484054, -529.2859412358705, -8.503930199805854, -35.79984301248405, 57.87806954355674, 238.01257220970655, -35.79983817238251, -529.2859412358705, 238.0125722097066, 3322.288552139832)","(4, 4)"
1969/12/31/17:04:13.018000,21,X1,T1,0.508619335026635,"(3.4288862125768, 2.08503913261282, -6.550056869066598, -1.2584916015302572)","(4, 1)","(42.577165166769085, 172.8839416473459, -8.484024080309451, -35.54873906637582, 172.8839416473459, 2339.2717963705713, -35.5487439408448, -520.8358388705902, -8.484024080309451, -35.5487439408448, 57.744745747263465, 236.4374961263605, -35.54873906637583, -520.8358388705902, 236.4374961263605, 3270.411556579224)","(4, 4)"
1969/12/31/17:04:18.302000,22,X2,T1,0.506218360894042,"(2.4288862125768, 5.08503913261282, -6.550056869066598, -1.2584916015302572)","(4, 1)","(2.9085320242275112, 11.801270685679018, -0.0395992446133852, -0.24018898870126756, 11.801270685679018, 1438.1783323903426, -0.2384695060159988, -305.67523356961084, -0.03959924461338521, -0.23846950601599862, 2.9149127620545654, 11.966266958208456, -0.24018898870126792, -305.67523356961084, 11.966266958208456, 1983.5838222996285)","(4, 4)"
1969/12/31/17:04:18.302000,22,X1,T1,0.510248899288486,"(-2.4288862125768, 5.08503913261282, -6.550056869066598, -1.2584916015302572)","(4, 1)","(5.128085136100005, 20.70552799418723, -0.07127141076379573, -0.4268495378379499, 20.705527994187225, 1444.925260311775, -0.4151978433259537, -300.3789305558018, -0.07127141076379571, -0.41519784332595355, 4.815290799574665, 19.670540112968567, -0.4268495378379491, -300.37893055580173, 19.670540112968567, 1974.6756938300778)","(4, 4)"
1969/12/31/17:04:18.414000,23,X2,T1,-267.943188440784,"(2.4288862125768, 5.08503913261282, -6.550056869066598, -1.2584916015302572)","(4, 1)","(0.9508836976995334, 2.5730091567856843, -0.6883142832483895, -2.1449093741990577, 2.5730091567856848, 4.274980688238608, -2.0075673060818766, -5.6830927800400355, -0.6883142832483892, -2.0075673060818757, -0.421165415961195, -1.8259092871893596, -2.144909374199056, -5.683092780040032, -1.8259092871893599, -10.849215802517008)","(4, 4)"
1969/12/31/17:04:18.418000,23,X1,T1,-159.573777283473,"(3.4288862125768, 7.08503913261282, -6.550056869066598, -1.2584916015302572)","(4, 1)","(1.1401772198929312, 3.0311424363418995, -1.1516061030548728, -3.757298712039485, 3.0311424363419013, 3.613290549932313, -3.4178616433063933, -10.216345183336701, -1.151606103054872, -3.417861643306393, -1.1356308810227298, -4.6103379933578665, -3.7572987120394843, -10.216345183336701, -4.6103379933578665, -23.754794009576926)","(4, 4)"
1969/12/31/17:04:18.502000,24,X2,T1,0.732996128120987,"(2.4288862125768, -2.08503913261282, -6.550056869066598, -1.2584916015302572)","(4, 1)","(-111.01915428677951, -292.49900727479206, -279.255778316983, -868.8869772492233, -292.4990072747922, -771.8431313599968, -733.683966357552, -2282.3898451874375, -279.2557783169824, -733.6839663575513, -693.0620924596049, -2158.0106808523956, -868.8869772492218, -2282.389845187435, -2158.0106808523956, -6720.565915290342)","(4, 4)"
1969/12/31/17:04:18.502000,24,X1,T1,0.757297144913479,"(5.4288862125768, 4.08503913261282, -6.550056869066598, -1.2584916015302572)","(4, 1)","(1.7035582957857731, 3.5889973927636065, 0.5224566781553218, 2.1180374958377506, 3.588997392763607, 4.607334048037824, 1.5976483563559114, 6.987066121308666, 0.5224566781553236, 1.5976483563559138, 2.795636423060459, 8.028578698369012, 2.1180374958377564, 6.987066121308673, 8.02857869836901, 20.36894729134879)","(4, 4)"
1969/12/31/17:04:18.614000,25,X1,T1,0.765680492304395,"(-1.4288862125768, 6.08503913261282, -6.550056869066598, -1.2584916015302572)","(4, 1)","(4.1668307394284385, 6.220460475581474, -1.1270086603401188, -1.0708272336674038, 6.220460475581473, 6.877533809774441, -1.4149693432144064, 0.15126508001552558, -1.1270086603401248, -1.4149693432144124, 1.886411558857168, 3.5831187999617473, -1.0708272336674134, 0.15126508001551553, 3.5831187999617495, 5.289097028261357)","(4, 4)"
1969/12/31/17:04:18.616000,25,X2,T1,-0.198830628287983,"(4.4288862125768, 2.08503913261282, -6.550056869066598, -1.2584916015302572)","(4, 1)","(2.507546834654235, 3.9617410655431966, -0.30049869756034026, 0.15608824196564952, 3.961741065543199, 10.711294983490724, -0.1321594943012746, -2.1440340531115125, -0.3004986975603433, -0.13215949430128202, 1.8972319614312065, 4.149370443116046, 0.1560882419656501, -2.1440340531115076, 4.149370443116046, 11.182992707046255)","(4, 4)"
1969/12/31/17:04:18.707000,26,X2,T1,-3.28171242490325,"(2.4288862125768, 5.08503913261282, -6.550056869066598, -1.2584916015302572)","(4, 1)","(0.5633594836671664, 0.6379777257681485, -0.884076750206814, -1.4165536770462606, 0.6379777257681507, -0.39652264828780154, -1.2739427473135567, -1.3828660598512739, -0.8840767502068159, -1.2739427473135665, -1.343572571857267, -2.6227542540210194, -1.4165536770462648, -1.382866059851294, -2.6227542540210234, -5.558526973001574)","(4, 4)"
1969/12/31/17:04:18.713000,26,X1,T1,0.647747145331583,"(1.4288862125768, 7.08503913261282, -6.550056869066598, -1.2584916015302572)","(4, 1)","(2.062648276600699, 2.615232826935237, -0.3566078961861378, -0.16730397231126762, 2.6152328269352365, 0.7711861188271295, -0.2982753080498531, 1.525492263710324, -0.3566078961861376, -0.29827530804985236, 1.3308522215649736, 2.0671754261060387, -0.16730397231126776, 1.5254922637103248, 2.0671754261060387, 1.7123926842078485)","(4, 4)"
1969/12/31/17:04:18.809000,27,X2,T1,0.734963296213782,"(2.4288862125768, -2.08503913261282, -6.550056869066598, -1.2584916015302572)","(4, 1)","(1.2080511598528367, 1.2880704357127462, 0.5069210920316344, 1.1326990432962343, 1.2880704357127457, 0.4462224788474789, 0.8314590835262339, 2.466549070486155, 0.5069210920316347, 0.8314590835262351, 2.436900014736769, 3.892164626721868, 1.1326990432962354, 2.466549070486156, 3.892164626721868, 6.126034699524012)","(4, 4)"
1969/12/31/17:04:18.811000,27,X1,T1,0.703238818286045,"(1.4288862125768, 4.08503913261282, -6.550056869066598, -1.2584916015302572)","(4, 1)","(1.5859291928949073, 1.6313083645505393, -0.22856672721079788, -0.031086273664467926, 1.6313083645505408, -0.9865866054977027, -0.09686993771082995, 1.8882276518786594, -0.22856672721079663, -0.0968699377108287, 1.1125561412224556, 1.354221240560964, -0.03108627366446716, 1.8882276518786596, 1.3542212405609637, 0.2548820294486648)","(4, 4)"
1969/12/31/17:04:18.902000,28,X2,T1,0.730903860826583,"(-1.4288862125768, -4.08503913261282, -6.550056869066598, -1.2584916015302572)","(4, 1)","(0.8977973357233069, 0.6688887761543535, -0.38661377799782887, -0.2452227918257888, 0.6688887761543534, -0.43743174947319136, -0.2866515187575429, 0.7772211357934576, -0.3866137779978289, -0.286651518757543, 0.17618485028135686, 0.1180463675954854, -0.24522279182578885, 0.7772211357934574, 0.11804636759548542, 0.1446282391265476)","(4, 4)"
1969/12/31/17:04:18.902000,28,X1,T1,0.730482331755734,"(3.4288862125768, 2.08503913261282, -6.550056869066598, -1.2584916015302572)","(4, 1)","(1.3463950229174386, 1.0658922065299956, -0.18822163629554636, 0.045481439402604754, 1.0658922065299923, -2.045828140431686, 0.012588702014860863, 2.251732879962251, -0.18822163629554753, 0.01258870201486855, 0.9491987370312723, 0.8798840497706499, 0.045481439402605836, 2.251732879962262, 0.8798840497706559, -0.5600032315903344)","(4, 4)"
1969/12/31/17:04:19.008000,29,X2,T1,0.731738343291017,"(2.4288862125768, 5.08503913261282, -6.550056869066598, -1.2584916015302572)","(4, 1)","(1.021906094447403, 0.6011471689691072, -0.3831182703836573, -0.1567493716165282, 0.6011471689691072, -0.6145339782341556, -0.18088805552703008, 1.0949909321018878, -0.38311827038365726, -0.18088805552703005, 0.2903403688097944, 0.14685786718314225, -0.15674937161652827, 1.0949909321018876, 0.14685786718314228, 0.2960191111289037)","(4, 4)"
1969/12/31/17:04:19.018000,29,X1,T1,0.053869856515507,"(-2.4288862125768, 5.08503913261282, -6.550056869066598, -1.2584916015302572)","(4, 1)","(2.1039375528516127, 1.2233483003173795, -0.5123076300882983, -0.32253356359456903, 1.2233483003173802, -45.63713062334508, 0.2964430460970139, 35.1060281342745, -0.5123076300882982, 0.29644304609701433, 1.0928642396559636, -0.2919725520280126, -0.32253356359457, 35.1060281342745, -0.29197255202801226, -23.402571671106106)","(4, 4)"
1969/12/31/17:04:19.111000,30,X1,T1,0.610782845966188,"(2.4288862125768, 5.08503913261282, -6.550056869066598, -1.2584916015302572)","(4, 1)","(1.6879911343008451, -0.9592529790677797, -0.24205572494038385, 1.266033750932114, -0.9592529790677812, -83.31381910209359, 2.7849899513116174, 64.65951062647788, -0.2420557249403838, 2.7849899513116174, 0.9905534910240014, -1.90455019454943, 1.2660337509321142, 64.65951062647788, -1.9045501945494308, -44.31683344202847)","(4, 4)"
1969/12/31/17:04:19.114000,30,X2,T1,0.723343352007648,"(3.4288862125768, 7.08503913261282, -6.550056869066598, -1.2584916015302572)","(4, 1)","(1.0635624264708634, 0.5056740263464149, -0.32185797983952824, -0.033962449026684535, 0.5056740263464149, -0.8349859967118192, -0.023773593140449148, 1.511851245861921, -0.32185797983952824, -0.023773593140449103, 0.4208174537797694, 0.20630260755910407, -0.03396244902668455, 1.5118512458619213, 0.20630260755910412, 0.505260738583946)","(4, 4)"
1969/12/31/17:04:19.209000,31,X2,T1,0.722582868256626,"(2.4288862125768, -2.08503913261282, -6.550056869066598, -1.2584916015302572)","(4, 1)","(1.0620230980447904, 0.40397660013584613, -0.2296058808443071, 0.11020040528522153, 0.4039766001358461, -1.1237174527485059, 0.16426442182113085, 2.032398161248587, -0.22960588084430714, 0.16426442182113088, 0.5614297822624095, 0.29206837224298265, 0.11020040528522151, 2.032398161248587, 0.2920683722429827, 0.7606506794383183)","(4, 4)"
1969/12/31/17:04:19.218000,31,X1,T1,0.669594303116708,"(5.4288862125768, 4.08503913261282, -6.550056869066598, -1.2584916015302572)","(4, 1)","(0.7979933164449887, -13.805889176792913, 0.56432096756508, 10.948255330418437, -13.805889176792919, -305.7065949394059, 16.218068364611444, 232.67689686483263, 0.56432096756508, 16.21806836461144, 0.1836608251171169, -11.699078439732604, 10.948255330418442, 232.67689686483266, -11.699078439732604, -168.71443375798972)","(4, 4)"
1969/12/31/17:04:24.502000,32,X1,T1,0.743966259198554,"(-1.4288862125768, 6.08503913261282, -6.550056869066598, -1.2584916015302572)","(4, 1)","(1.8172762449503113, 13.431759374630072, -1.469783216597414, -9.938402044552797, 13.43175937463008, 144.97472896864113, -5.447893147480716, -98.24339498757676, -1.4697832165974143, -5.447893147480715, -0.1006581109537577, 2.978155239575045, -9.938402044552804, -98.24339498757676, 2.9781552395750452, 74.41670214647755)","(4, 4)"
1969/12/31/17:04:24.515000,32,X2,T1,0.726744417235339,"(4.4288862125768, 2.08503913261282, -6.550056869066598, -1.2584916015302572)","(4, 1)","(-0.52361268643863, 0.035217276448630125, 0.371301338163728, 0.05352081953780378, 0.035217276448630166, -1.577627852889775, 0.46663070500042275, 2.642032618118714, 0.37130133816372807, 0.466630705000423, 0.5640283808865232, 0.47232598830157885, 0.053520819537803715, 2.6420326181187144, 0.4723259883015789, 1.0089965149912372)","(4, 4)"
1969/12/31/17:04:24.607000,33,X2,T1,-6.59533438793668,"(2.4288862125768, 5.08503913261282, -6.550056869066598, -1.2584916015302572)","(4, 1)","(0.07195267589476276, 0.06539641587317156, 0.018159751699945853, 0.0020490448200158233, 0.06539641587317158, 0.442551947116371, 0.25945436487909196, -0.17859352359655833, 0.01815975169994585, 0.25945436487909185, 0.5161770353338356, 0.2913988367758958, 0.002049044820015825, -0.1785935235965583, 0.2913988367758958, 0.06171111495619185)","(4, 4)"
1969/12/31/17:04:24.617000,33,X1,T1,-0.559668655717806,"(1.4288862125768, 7.08503913261282, -6.550056869066598, -1.2584916015302572)","(4, 1)","(0.2948645291945618, -4.701706081049204, -0.08983917504453379, 2.9871515396835173, -4.701706081049204, -94.86946267292706, -1.8040910846345646, 57.327906907563246, -0.08983917504453376, -1.8040910846345641, 1.1998963754854317, 1.575882848686764, 2.9871515396835173, 57.32790690756325, 1.5758828486867644, -48.5263451028538)","(4, 4)"
1969/12/31/17:04:24.702000,34,X2,T1,0.771888477928245,"(2.4288862125768, -2.08503913261282, -6.550056869066598, -1.2584916015302572)","(4, 1)","(0.20292967709654927, 0.1326680336989283, 0.05102194495164488, -0.017792048180300186, 0.1326680336989283, 0.6617586644346879, 0.270478256905046, -0.24582857881372389, 0.05102194495164488, 0.270478256905046, 0.7058669724514632, 0.32549246347680927, -0.017792048180300193, -0.24582857881372394, 0.32549246347680927, 0.1582047531845947)","(4, 4)"
1969/12/31/17:04:24.702000,34,X1,T1,0.533031509735061,"(1.4288862125768, 4.08503913261282, -6.550056869066598, -1.2584916015302572)","(4, 1)","(20.502951056899015, 190.22947326924523, 5.654525858620675, -110.17852108549837, 190.22947326924523, 1838.6176058200526, 51.71071939147122, -1069.1485323396553, 5.654525858620674, 51.71071939147121, 3.6562383588724643, -29.491741177171352, -110.17852108549836, -1069.148532339655, -29.491741177171356, 597.2896076439646)","(4, 4)"
1969/12/31/17:04:24.811000,35,X2,T1,0.767147720803331,"(-1.4288862125768, -4.08503913261282, -6.550056869066598, -1.2584916015302572)","(4, 1)","(0.34026012157617835, 0.22404239405122678, 0.11435488444834827, -0.029598185726654437, 0.2240423940512268, 0.9005590363848054, 0.11999237760799686, -0.3951813859894369, 0.11435488444834828, 0.1199923776079969, 0.22165787954516666, 0.06791557865694106, -0.02959818572665444, -0.3951813859894369, 0.06791557865694106, 0.1465475359155265)","(4, 4)"
1969/12/31/17:04:24.812000,35,X1,T1,-1.22760030608772,"(3.4288862125768, 2.08503913261282, -6.550056869066598, -1.2584916015302572)","(4, 1)","(1.9397094096783647, 8.14920963507281, 1.1507998346118342, -5.035229929307398, 8.14920963507281, 23.698057270683865, -2.044224002069726, -9.713296552100186, 1.1507998346118353, -2.0442240020697238, 9.14360480627095, -2.047399824687455, -5.0352299293074, -9.713296552100187, -2.0473998246874543, 24.57399482936058)","(4, 4)"
1969/12/31/17:04:24.909000,36,X2,T1,0.817785332569965,"(2.4288862125768, 5.08503913261282, -6.550056869066598, -1.2584916015302572)","(4, 1)","(0.4837092924232113, 0.321626434296968, 0.11553516937663602, -0.07173504161480057, 0.3216264342969681, 1.1584794954739213, 0.07887264416199131, -0.4746874464738604, 0.11553516937663594, 0.07887264416199109, 0.3469904830202406, 0.0949886904534711, -0.07173504161480064, -0.4746874464738606, 0.094988690453471, 0.2721512005545843)","(4, 4)"
1969/12/31/17:04:24.910000,36,X1,T1,0.038611843708106,"(-2.4288862125768, 5.08503913261282, -6.550056869066598, -1.2584916015302572)","(4, 1)","(1.8968118046681417, 5.279695018653822, 0.27584607799917293, -2.8208028676143724, 5.279695018653827, -214.9505290549933, 4.598943544836802, 101.24610830501871, 0.27584607799917343, 4.598943544836779, 1.8675287489327703, 4.992228095462734, -2.820802867614372, 101.24610830501868, 4.992228095462724, 324.6931521448983)","(4, 4)"
1969/12/31/17:04:25.009000,37,X2,T1,0.816862577211521,"(2.4288862125768, 5.08503913261282, -6.550056869066598, -1.2584916015302572)","(4, 1)","(0.6013073556567963, 0.41281231562078674, 0.09916911735477099, -0.11348872348017705, 0.41281231562078674, 1.432287790563266, 0.021685314975958086, -0.5563965995931626, 0.099169117354771, 0.021685314975958127, 0.4617696499933027, 0.13027103659390996, -0.11348872348017706, -0.5563965995931626, 0.13027103659390996, 0.41688325126564296)","(4, 4)"
1969/12/31/17:04:25.010000,37,X1,T1,0.613352745019236,"(3.4288862125768, 7.08503913261282, -6.550056869066598, -1.2584916015302572)","(4, 1)","(1.2491703497775197, -8.455342323749173, 0.31914465853810675, -0.4905664583686487, -8.45534232374917, -515.3116798541519, 5.447472943057084, 14.792355682073202, 0.3191446585381062, 5.447472943057058, 1.8600960812816456, 9.784762227344249, -0.4905664583686506, 14.792355682073113, 9.784762227344249, 245.00679755594481)","(4, 4)"
1969/12/31/17:04:25.114000,38,X1,T1,0.652478406862088,"(2.4288862125768, -2.08503913261282, -6.550056869066598, -1.2584916015302572)","(4, 1)","(2.263885922227969, 24.604016631322537, 0.21850741263450452, 2.9646018353967802, 24.604016631322548, 518.4625562663651, 0.8222925321955172, 70.9140350590994, 0.2185074126345025, 0.8222925321954758, 1.81832729584307, 8.953663681248484, 2.9646018353967762, 70.91403505909932, 8.953663681248491, 152.36552529165095)","(4, 4)"
1969/12/31/17:04:25.115000,38,X2,T1,0.810642036187237,"(5.4288862125768, 4.08503913261282, -6.550056869066598, -1.2584916015302572)","(4, 1)","(0.6849137875890206, 0.49043147266871834, 0.07509856765192004, -0.14877308789819782, 0.49043147266871834, 1.7226118440512586, -0.03916120427969294, -0.6359365613096903, 0.07509856765192009, -0.03916120427969277, 0.5600331176209808, 0.17074751767175309, -0.14877308789819776, -0.6359365613096902, 0.1707475176717531, 0.583938503693431)","(4, 4)"
1969/12/31/17:04:25.211000,39,X2,T1,0.806370896921389,"(-1.4288862125768, 6.08503913261282, -6.550056869066598, -1.2584916015302572)","(4, 1)","(0.7396999421678564, 0.556557849521995, 0.05356745039822409, -0.17542962842774384, 0.556557849521995, 2.0268715445329644, -0.09232296844180785, -0.707521302193652, 0.05356745039822405, -0.09232296844180787, 0.6363954198549232, 0.21294628343199118, -0.17542962842774384, -0.707521302193652, 0.2129462834319912, 0.7753359615402684)","(4, 4)"
1969/12/31/17:04:25.215000,39,X1,T1,0.659722005061403,"(4.4288862125768, 2.08503913261282, -6.550056869066598, -1.2584916015302572)","(4, 1)","(1.603279216497121, 9.510190746393967, 0.282999707945423, 1.6957094667842354, 9.510190746393969, 134.50817508867956, 1.5125410745551606, 25.490717638602234, 0.282999707945423, 1.512541074555161, 1.7167953947477728, 7.4953437238565455, 1.6957094667842352, 25.49071763860223, 7.495343723856546, 94.38616141908284)","(4, 4)"
1969/12/31/17:04:25.314000,40,X2,T1,0.803466342397603,"(2.4288862125768, 5.08503913261282, -6.550056869066598, -1.2584916015302572)","(4, 1)","(0.7631476180971578, 0.6074085704277208, 0.04117446455595184, -0.19031994320247117, 0.607408570427721, 2.337654196538013, -0.1307811950590081, -0.7644676492367216, 0.04117446455595184, -0.130781195059008, 0.6890629537873373, 0.255140871653871, -0.1903199432024712, -0.7644676492367215, 0.25514087165387106, 0.9932371960561608)","(4, 4)"
1969/12/31/17:04:25.314000,40,X1,T1,0.686055554950189,"(1.4288862125768, 7.08503913261282, -6.550056869066598, -1.2584916015302572)","(4, 1)","(1.3023330379772051, 5.876262422135047, 0.3348267939009924, 1.4557138547927824, 5.876262422135047, 67.80098503170258, 1.4704987858095215, 14.84395050642159, 0.3348267939009923, 1.4704987858095209, 1.5887029113007831, 6.090786958007034, 1.4557138547927821, 14.84395050642159, 6.090786958007034, 63.237674433076364)","(4, 4)"
1969/12/31/17:04:25.409000,41,X2,T1,0.801675248736484,"(2.4288862125768, -2.08503913261282, -6.550056869066598, -1.2584916015302572)","(4, 1)","(0.7514202271776421, 0.6385798742336164, 0.04506215254725927, -0.18987580705857754, 0.6385798742336164, 2.646390992158498, -0.14864993534745644, -0.7996753769844799, 0.04506215254725926, -0.1486499353474564, 0.718505126536809, 0.29617503161391806, -0.18987580705857754, -0.7996753769844798, 0.29617503161391806, 1.2393708505707266)","(4, 4)"
1969/12/31/17:04:25.418000,41,X1,T1,0.703642492157242,"(1.4288862125768, 4.08503913261282, -6.550056869066598, -1.2584916015302572)","(4, 1)","(0.8479251327423146, 3.220912308617004, 0.5033054638927377, 1.7502155845118605, 3.220912308617004, 38.69568562392975, 1.8541623335465713, 11.781710367092902, 0.5033054638927377, 1.8541623335465716, 1.4032235764142544, 4.80177482232938, 1.750215584511861, 11.781710367092904, 4.80177482232938, 44.581385228742434)","(4, 4)"
